Symbol,Security,GICS Sector,GICS Sub-Industry,Headquarters Location,Founded,Market Cap,Stock Price,Revenue
MMM,3M,Industrials,Industrial Conglomerates,"Saint Paul, Minnesota",1902,71.15B,129.51,32.61B
AOS,A. O. Smith,Industrials,Building Products,"Milwaukee, Wisconsin",1916,11.38B,78.06,3.93B
ABT,Abbott Laboratories,Health Care,Health Care Equipment,"North Chicago, Illinois",1888,201.93B,116.06,40.73B
ABBV,AbbVie,Health Care,Biotechnology,"North Chicago, Illinois",2013 (1888),351.03B,198.73,55.00B
ACN,Accenture,Information Technology,IT Consulting & Other Services,"Dublin, Ireland",1989,215.26B,343.65,64.48B
ADBE,Adobe Inc.,Information Technology,Application Software,"San Jose, California",1982,252.82B,570.18,20.43B
AMD,Advanced Micro Devices,Information Technology,Semiconductors,"Santa Clara, California",1969,224.84B,138.92,23.28B
AES,AES Corporation,Utilities,Independent Power Producers & Energy Traders,"Arlington, Virginia",1981,11.85B,16.67,12.43B
AFL,Aflac,Financials,Life & Health Insurance,"Columbus, Georgia",1955,60.88B,108.71,19.30B
A,Agilent Technologies,Health Care,Life Sciences Tools & Services,"Santa Clara, California",1999,39.43B,137.23,6.50B
APD,Air Products,Materials,Industrial Gases,"Allentown, Pennsylvania",1940,60.78B,273.38,12.10B
ABNB,Airbnb,Consumer Discretionary,"Hotels, Resorts & Cruise Lines","San Francisco, California",2008,72.24B,114.22,10.51B
AKAM,Akamai Technologies,Information Technology,Internet Services & Infrastructure,"Cambridge, Massachusetts",1998,14.46B,95.42,3.93B
ALB,Albemarle Corporation,Materials,Specialty Chemicals,"Charlotte, North Carolina",1994,9.05B,77.02,7.46B
ARE,Alexandria Real Estate Equities,Real Estate,Office REITs,"Pasadena, California",1994,20.74B,118.56,3.01B
ALGN,Align Technology,Health Care,Health Care Supplies,"Tempe, Arizona",1997,16.41B,219.66,3.94B
ALLE,Allegion,Industrials,Building Products,"Dublin, Ireland",1908,11.76B,135.0,3.67B
LNT,Alliant Energy,Utilities,Electric Utilities,"Madison, Wisconsin",1917,15.21B,59.3,3.96B
ALL,Allstate,Financials,Property & Casualty Insurance,"Northbrook, Illinois",1931,48.79B,184.88,60.30B
GOOGL,Alphabet Inc. (Class A),Communication Services,Interactive Media & Services,"Mountain View, California",1998,"1,839.73B",149.45,328.28B
GOOG,Alphabet Inc. (Class C),Communication Services,Interactive Media & Services,"Mountain View, California",1998,"1,835.26B",150.56,328.28B
MO,Altria,Consumer Staples,Tobacco,"Richmond, Virginia",1985,92.37B,54.14,20.30B
AMZN,Amazon,Consumer Discretionary,Broadline Retail,"Seattle, Washington",1994,"1,867.90B",177.97,604.33B
AMCR,Amcor,Materials,Paper & Plastic Packaging Products & Materials,"Warmley, Bristol, United Kingdom",2019 (1860),15.99B,11.07,13.64B
AEE,Ameren,Utilities,Multi-Utilities,"St. Louis, Missouri",1902,22.61B,84.75,6.95B
AAL,American Airlines Group,Industrials,Passenger Airlines,"Fort Worth, Texas",1934,7.23B,11.01,53.45B
AEP,American Electric Power,Utilities,Electric Utilities,"Columbus, Ohio",1906,55.36B,104.03,19.52B
AXP,American Express,Financials,Consumer Finance,"New York City, New York",1850,173.55B,244.12,58.11B
AIG,American International Group,Financials,Multi-line Insurance,"New York City, New York",1919,45.75B,71.04,45.93B
AMT,American Tower,Real Estate,Telecom Tower REITs,"Boston, Massachusetts",1995,112.12B,240.05,11.34B
AWK,American Water Works,Utilities,Water Utilities,"Camden, New Jersey",1886,28.66B,147.07,4.36B
AMP,Ameriprise Financial,Financials,Asset Management & Custody Banks,"Minneapolis, Minnesota",1894,42.33B,431.12,16.96B
AME,Ametek,Industrials,Electrical Components & Equipment,"Berwyn, Pennsylvania",1930,37.99B,164.08,6.82B
AMGN,Amgen,Health Care,Biotechnology,"Thousand Oaks, California",1980,173.69B,323.25,30.93B
APH,Amphenol,Information Technology,Electronic Components,"Wallingford, Connecticut",1932,73.56B,61.08,13.39B
ADI,Analog Devices,Information Technology,Semiconductors,"Wilmington, Massachusetts",1965,106.88B,215.26,9.70B
ANSS,Ansys,Information Technology,Application Software,"Canonsburg, Pennsylvania",1969,27.06B,307.64,2.32B
AON,Aon,Financials,Insurance Brokers,"London, UK",1982 (1919),76.06B,350.13,14.16B
APA,APA Corporation,Energy,Oil & Gas Exploration & Production,"Houston, Texas",1954,8.81B,23.82,8.91B
AAPL,Apple Inc.,Information Technology,"Technology Hardware, Storage & Peripherals","Cupertino, California",1977,"3,339.66B",219.66,385.60B
AMAT,Applied Materials,Information Technology,Semiconductor Materials & Equipment,"Santa Clara, California",1967,146.26B,177.42,26.85B
APTV,Aptiv,Consumer Discretionary,Automotive Parts & Equipment,"Dublin, Ireland",1994,17.73B,66.71,19.99B
ACGL,Arch Capital Group,Financials,Property & Casualty Insurance,"Hamilton, Bermuda",1995,41.82B,111.67,15.47B
ADM,Archer Daniels Midland,Consumer Staples,Agricultural Products & Services,"Chicago, Illinois",1902,28.00B,58.55,88.77B
ANET,Arista Networks,Information Technology,Communications Equipment,"Santa Clara, California",2004,103.11B,328.22,6.31B
AJG,Arthur J. Gallagher & Co.,Financials,Insurance Brokers,"Rolling Meadows, Illinois",1927,65.37B,298.36,10.39B
AIZ,Assurant,Financials,Multi-line Insurance,"Atlanta, Georgia",1892,10.00B,193.06,11.56B
T,AT&T,Communication Services,Integrated Telecommunication Services,"Dallas, Texas",1983 (1885),154.38B,21.53,122.20B
ATO,Atmos Energy,Utilities,Gas Utilities,"Dallas, Texas",1906,21.00B,135.3,4.09B
ADSK,Autodesk,Information Technology,Application Software,"San Francisco, California",1982,54.44B,253.18,5.81B
ADP,Automatic Data Processing,Industrials,Human Resource & Employment Services,"Roseland, New Jersey",1949,112.92B,276.91,19.20B
AZO,AutoZone,Consumer Discretionary,Automotive Retail,"Memphis, Tennessee",1979,52.77B,3088.98,17.98B
AVB,AvalonBay Communities,Real Estate,Multi-Family Residential REITs,"Arlington, Virginia",1978,32.83B,226.07,2.86B
AVY,Avery Dennison,Materials,Paper & Plastic Packaging Products & Materials,"Mentor, Ohio",1990,17.66B,219.33,8.60B
AXON,Axon Enterprise,Industrials,Aerospace & Defense,"Scottsdale, Arizona",1993,27.47B,363.43,1.81B
BKR,Baker Hughes,Energy,Oil & Gas Equipment & Services,"Houston, Texas",2017,32.88B,33.1,27.03B
BALL,Ball Corporation,Materials,"Metal, Glass & Plastic Containers","Broomfield, Colorado",1880,19.48B,64.18,13.81B
BAC,Bank of America,Financials,Diversified Banks,"Charlotte, North Carolina",1998 (1923 / 1874),301.89B,38.91,93.16B
BK,BNY Mellon,Financials,Asset Management & Custody Banks,"New York City, New York",1784,48.85B,66.2,17.59B
BBWI,"Bath & Body Works, Inc.",Consumer Discretionary,Other Specialty Retail,"Columbus, Ohio",1963,5.93B,27.09,7.38B
BAX,Baxter International,Health Care,Health Care Equipment,"Deerfield, Illinois",1931,19.94B,39.08,15.00B
BDX,Becton Dickinson,Health Care,Health Care Equipment,"Franklin Lakes, New Jersey",1897,67.94B,235.05,19.83B
BRK.B,Berkshire Hathaway,Financials,Multi-Sector Holdings,"Omaha, Nebraska",1839,990.40B,458.84,370.11B
BBY,Best Buy,Consumer Discretionary,Computer & Electronics Retail,"Richfield, Minnesota",1966,20.86B,97.16,42.54B
BIO,Bio-Rad Laboratories,Health Care,Life Sciences Tools & Services,"Hercules, California",1952,9.02B,323.79,2.56B
TECH,Bio-Techne,Health Care,Life Sciences Tools & Services,"Minneapolis, Minnesota",1976,11.49B,72.45,1.16B
BIIB,Biogen,Health Care,Biotechnology,"Cambridge, Massachusetts",1978,28.99B,198.99,9.67B
BLK,BlackRock,Financials,Asset Management & Custody Banks,"New York City, New York",1988,130.03B,877.83,18.69B
BX,Blackstone Inc.,Financials,Asset Management & Custody Banks,"New York City, New York",1985,107.03B,139.21,9.86B
BA,Boeing,Industrials,Aerospace & Defense,"Arlington, Virginia",1916,98.17B,159.33,73.56B
BKNG,Booking Holdings,Consumer Discretionary,"Hotels, Resorts & Cruise Lines","Norwalk, Connecticut",1996,127.72B,3809.78,22.40B
BWA,BorgWarner,Consumer Discretionary,Automotive Parts & Equipment,"Auburn Hills, Michigan",1880,7.20B,31.63,14.34B
BSX,Boston Scientific,Health Care,Health Care Equipment,"Marlborough, Massachusetts",1979,122.07B,82.89,15.23B
BMY,Bristol Myers Squibb,Health Care,Pharmaceuticals,"New York City, New York",1989 (1887),97.80B,48.24,46.51B
AVGO,Broadcom,Information Technology,Semiconductors,"Palo Alto, California",1961,677.10B,145.46,46.82B
BR,Broadridge Financial Solutions,Industrials,Data Processing & Outsourced Services,"Lake Success, New York",1962,24.64B,211.09,6.51B
BRO,Brown & Brown,Financials,Insurance Brokers,"Daytona Beach, Florida",1939,29.56B,103.62,4.45B
BF.B,Brown–Forman,Consumer Staples,Distillers & Vintners,"Louisville, Kentucky",1870,21.70B,45.92,4.09B
BLDR,Builders FirstSource,Industrials,Building Products,"Irving, Texas",1998,19.46B,167.13,17.03B
BG,Bunge Global,Consumer Staples,Agricultural Products & Services,"Chesterfield, Missouri",1818,13.79B,97.33,55.82B
BXP,"BXP, Inc.",Real Estate,Office REITs,"Boston, Massachusetts",1970,11.61B,73.52,3.31B
CHRW,C.H. Robinson,Industrials,Air Freight & Logistics,"Eden Prairie, Minnesota",1905,11.79B,100.51,17.46B
CDNS,Cadence Design Systems,Information Technology,Application Software,"San Jose, California",1988,70.01B,255.67,4.16B
CZR,Caesars Entertainment,Consumer Discretionary,Casinos & Gaming,"Reno, Nevada",1973,7.60B,35.15,11.39B
CPT,Camden Property Trust,Real Estate,Multi-Family Residential REITs,"Houston, Texas",1981,13.01B,122.03,1.56B
CPB,Campbell Soup Company,Consumer Staples,Packaged Foods & Meats,"Camden, New Jersey",1869,15.63B,52.37,9.64B
COF,Capital One,Financials,Consumer Finance,"Tysons Corner, Virginia",1994,51.01B,133.58,26.05B
CAH,Cardinal Health,Health Care,Health Care Distributors,"Dublin, Ohio",1971,27.96B,114.68,226.83B
KMX,CarMax,Consumer Discretionary,Automotive Retail,"Richmond, Virginia",1993,11.95B,76.54,27.69B
CCL,Carnival,Consumer Discretionary,"Hotels, Resorts & Cruise Lines","Miami, Florida",1972,19.79B,15.62,23.44B
CARR,Carrier Global,Industrials,Building Products,"Palm Beach Gardens, Florida","2020 (1915, United Technologies spinoff)",64.40B,71.34,23.70B
CTLT,Catalent,Health Care,Pharmaceuticals,"Somerset, New Jersey",2007,10.86B,59.87,4.38B
CAT,Caterpillar Inc.,Industrials,Construction Machinery & Heavy Transportation Equipment,"Irving, Texas",1925,161.09B,332.22,66.37B
CBOE,Cboe Global Markets,Financials,Financial Exchanges & Data,"Chicago, Illinois",1973,22.10B,211.25,3.81B
CBRE,CBRE Group,Real Estate,Real Estate Services,"Dallas, Texas",1906,34.66B,115.08,33.14B
CDW,CDW,Information Technology,Technology Distributors,"Vernon Hills, Illinois",1984,28.60B,214.13,20.94B
CE,Celanese,Materials,Specialty Chemicals,"Irving, Texas",1918,12.99B,118.92,10.55B
COR,Cencora,Health Care,Health Care Distributors,"Conshohocken, Pennsylvania",1985,46.85B,239.04,283.83B
CNC,Centene Corporation,Health Care,Managed Health Care,"St. Louis, Missouri",1984,37.52B,71.32,144.06B
CNP,CenterPoint Energy,Utilities,Multi-Utilities,"Houston, Texas",1882,18.06B,27.71,8.57B
CF,CF Industries,Materials,Fertilizers & Agricultural Chemicals,"Deerfield, Illinois",1946,13.89B,76.98,5.89B
CRL,Charles River Laboratories,Health Care,Life Sciences Tools & Services,"Wilmington, Massachusetts",1947,9.79B,189.71,4.08B
SCHW,Charles Schwab Corporation,Financials,Investment Banking & Brokerage,"Westlake, Texas",1971,114.04B,62.34,18.40B
CHTR,Charter Communications,Communication Services,Cable & Satellite,"Stamford, Connecticut",1993,46.01B,322.33,54.66B
CVX,Chevron Corporation,Energy,Integrated Oil & Gas,"San Ramon, California",1879,252.19B,137.89,195.15B
CMG,Chipotle Mexican Grill,Consumer Discretionary,Restaurants,"Newport Beach, California",1993,73.97B,54.01,10.66B
CB,Chubb Limited,Financials,Property & Casualty Insurance,"Zurich, Switzerland",1985,117.02B,289.71,53.62B
CHD,Church & Dwight,Consumer Staples,Household Products,"Ewing, New Jersey",1847,26.02B,106.3,6.00B
CI,Cigna,Health Care,Health Care Services,"Bloomfield, Connecticut",1982,100.07B,357.99,216.01B
CINF,Cincinnati Financial,Financials,Property & Casualty Insurance,"Fairfield, Ohio",1950,21.33B,136.53,10.65B
CTAS,Cintas,Industrials,Diversified Support Services,"Mason, Ohio",1929,81.62B,809.96,9.60B
CSCO,Cisco,Information Technology,Communications Equipment,"San Jose, California",1984,194.61B,48.77,53.80B
C,Citigroup,Financials,Diversified Banks,"New York City, New York",1998,110.25B,57.79,69.75B
CFG,Citizens Financial Group,Financials,Regional Banks,"Providence, Rhode Island",1828,18.22B,40.23,7.23B
CLX,Clorox,Consumer Staples,Household Products,"Oakland, California",1913,20.74B,167.45,7.09B
CME,CME Group,Financials,Financial Exchanges & Data,"Chicago, Illinois",1848,78.84B,218.95,5.79B
CMS,CMS Energy,Utilities,Multi-Utilities,"Jackson, Michigan",1886,20.66B,69.15,7.41B
KO,Coca-Cola Company (The),Consumer Staples,Soft Drinks & Non-alcoholic Beverages,"Atlanta, Georgia",1886,310.87B,72.13,46.47B
CTSH,Cognizant,Information Technology,IT Consulting & Other Services,"Teaneck, New Jersey",1994,37.66B,75.98,19.27B
CL,Colgate-Palmolive,Consumer Staples,Household Products,"New York City, New York",1806,87.71B,107.34,19.99B
CMCSA,Comcast,Communication Services,Cable & Satellite,"Philadelphia, Pennsylvania",1963,152.17B,39.3,121.11B
CAG,Conagra Brands,Consumer Staples,Packaged Foods & Meats,"Chicago, Illinois",1919,15.84B,33.06,12.05B
COP,ConocoPhillips,Energy,Oil & Gas Exploration & Production,"Houston, Texas",2002,120.82B,104.05,58.08B
ED,Consolidated Edison,Utilities,Multi-Utilities,"New York City, New York",1823,36.49B,105.43,14.81B
STZ,Constellation Brands,Consumer Staples,Distillers & Vintners,"Rochester, New York",1945,45.46B,249.5,10.11B
CEG,Constellation Energy,Utilities,Electric Utilities,"Baltimore, Maryland",1999,55.54B,177.61,23.54B
COO,Cooper Companies (The),Health Care,Health Care Supplies,"San Ramon, California",1958,21.39B,107.39,3.80B
CPRT,Copart,Industrials,Diversified Support Services,"Dallas, Texas",1982,47.29B,49.14,4.24B
GLW,Corning Inc.,Information Technology,Electronic Components,"Corning, New York",1851,35.24B,41.18,12.39B
CPAY,Corpay,Financials,Transaction & Payment Processing Services,"Atlanta, Georgia",2000,20.99B,302.3,3.82B
CTVA,Corteva,Materials,Fertilizers & Agricultural Chemicals,"Indianapolis, Indiana",2019,38.18B,55.15,16.90B
CSGP,CoStar Group,Real Estate,Real Estate Services,"Washington, D.C.",1987,31.81B,77.63,2.60B
COST,Costco,Consumer Staples,Consumer Staples Merchandise Retail,"Issaquah, Washington",1976,398.07B,897.9,253.70B
CTRA,Coterra,Energy,Oil & Gas Exploration & Production,"Houston, Texas",2021 (1989),16.60B,22.46,5.57B
CRWD,CrowdStrike,Information Technology,Systems Software,"Austin, Texas",2011,60.85B,248.25,3.52B
CCI,Crown Castle,Real Estate,Telecom Tower REITs,"Houston, Texas",1994,51.48B,118.47,6.61B
CSX,CSX Corporation,Industrials,Rail Transportation,"Jacksonville, Florida",1980,65.45B,33.36,14.63B
CMI,Cummins,Industrials,Construction Machinery & Heavy Transportation Equipment,"Columbus, Indiana",1919,40.25B,293.72,34.17B
CVS,CVS Health,Health Care,Health Care Services,"Woonsocket, Rhode Island",1996,71.00B,56.44,361.86B
DHR,Danaher Corporation,Health Care,Life Sciences Tools & Services,"Washington, D.C.",1969,196.79B,272.48,23.57B
DRI,Darden Restaurants,Consumer Discretionary,Restaurants,"Orlando, Florida",1938,18.52B,155.77,11.39B
DVA,DaVita,Health Care,Health Care Services,"Denver, Colorado",1979,12.72B,151.66,12.52B
DAY,Dayforce,Industrials,Human Resource & Employment Services,"Minneapolis, Minnesota",1992,8.84B,55.92,1.63B
DECK,Deckers Brands,Consumer Discretionary,Footwear,"Goleta, California",1973,22.56B,887.84,4.44B
DE,Deere & Company,Industrials,Agricultural & Farm Machinery,"Moline, Illinois",1837,104.85B,383.24,55.96B
DAL,Delta Air Lines,Industrials,Passenger Airlines,"Atlanta, Georgia",1929,27.66B,43.14,60.12B
DVN,Devon Energy,Energy,Oil & Gas Exploration & Production,"Oklahoma City, Oklahoma",1971,25.25B,40.33,14.75B
DXCM,Dexcom,Health Care,Health Care Equipment,"San Diego, California",1999,27.66B,69.02,3.93B
FANG,Diamondback Energy,Energy,Oil & Gas Exploration & Production,"Midland, Texas",2007,30.88B,173.12,8.85B
DLR,Digital Realty,Real Estate,Data Center REITs,"Austin, Texas",2004,49.92B,152.46,5.35B
DFS,Discover Financial,Financials,Consumer Finance,"Riverwoods, Illinois",1985,31.26B,124.52,11.14B
DG,Dollar General,Consumer Staples,Consumer Staples Merchandise Retail,"Goodlettsville, Tennessee",1939,17.85B,81.18,39.68B
DLTR,Dollar Tree,Consumer Staples,Consumer Staples Merchandise Retail,"Chesapeake, Virginia",1986,14.08B,65.48,30.97B
D,Dominion Energy,Utilities,Multi-Utilities,"Richmond, Virginia",1983,48.47B,57.77,14.46B
DPZ,Domino's,Consumer Discretionary,Restaurants,"Ann Arbor, Michigan",1960,14.81B,423.42,4.61B
DOV,Dover Corporation,Industrials,Industrial Machinery & Supplies & Components,"Downers Grove, Illinois",1955,24.67B,179.44,8.53B
DOW,Dow Inc.,Materials,Commodity Chemicals,"Midland, Michigan",2019 (1897),35.61B,50.8,43.03B
DHI,DR Horton,Consumer Discretionary,Homebuilding,"Arlington, Texas",1978,61.15B,187.66,37.30B
DTE,DTE Energy,Utilities,Multi-Utilities,"Detroit, Michigan",1995,25.87B,124.98,12.40B
DUK,Duke Energy,Utilities,Electric Utilities,"Charlotte, North Carolina",1904,90.97B,117.81,29.59B
DD,DuPont,Materials,Specialty Chemicals,"Wilmington, Delaware",2017 (1802),33.06B,79.16,12.06B
EMN,Eastman Chemical Company,Materials,Specialty Chemicals,"Kingsport, Tennessee",1920,11.34B,97.05,9.15B
ETN,Eaton Corporation,Industrials,Electrical Components & Equipment,"Dublin, Ireland",1911,114.34B,287.21,24.14B
EBAY,eBay,Consumer Discretionary,Broadline Retail,"San Jose, California",1995,29.06B,59.44,10.19B
ECL,Ecolab,Materials,Specialty Chemicals,"Saint Paul, Minnesota",1923,70.55B,247.94,15.63B
EIX,Edison International,Utilities,Electric Utilities,"Rosemead, California",1886,33.25B,86.48,16.82B
EW,Edwards Lifesciences,Health Care,Health Care Equipment,"Irvine, California",1958,39.58B,66.37,6.20B
EA,Electronic Arts,Communication Services,Interactive Home Entertainment,"Redwood City, California",1982,38.00B,143.85,7.30B
ELV,Elevance Health,Health Care,Managed Health Care,"Indianapolis, Indiana",2014 (1946),125.43B,540.91,171.72B
EMR,Emerson Electric,Industrials,Electrical Components & Equipment,"Ferguson, Missouri",1890,56.43B,98.64,16.96B
ENPH,Enphase,Information Technology,Semiconductor Materials & Equipment,"Fremont, California",2006,13.98B,103.23,1.42B
ETR,Entergy,Utilities,Electric Utilities,"New Orleans, Louisiana",1913,26.16B,122.36,12.07B
EOG,EOG Resources,Energy,Oil & Gas Exploration & Production,"Houston, Texas",1999,67.63B,118.95,24.11B
EPAM,EPAM Systems,Information Technology,IT Consulting & Other Services,"Newtown, Pennsylvania",1993,11.69B,205.26,4.62B
EQT,EQT Corporation,Energy,Oil & Gas Exploration & Production,"Pittsburgh, Pennsylvania",1888,18.81B,31.67,4.43B
EFX,Equifax,Industrials,Research & Consulting Services,"Atlanta, Georgia",1899,36.72B,296.74,5.47B
EQIX,Equinix,Real Estate,Data Center REITs,"Redwood City, California",1998,81.41B,857.47,8.02B
EQR,Equity Residential,Real Estate,Multi-Family Residential REITs,"Chicago, Illinois",1969,28.74B,75.8,2.92B
ESS,Essex Property Trust,Real Estate,Multi-Family Residential REITs,"San Mateo, California",1971,19.44B,302.67,1.72B
EL,Estée Lauder Companies (The),Consumer Staples,Personal Care Products,"New York City, New York",1946,30.32B,84.52,15.61B
ETSY,Etsy,Consumer Discretionary,Broadline Retail,"New York City, New York",2005,6.02B,52.49,2.77B
EG,Everest Re,Financials,Reinsurance,"Hamilton, Bermuda",1973,16.55B,382.34,15.94B
EVRG,Evergy,Utilities,Electric Utilities,"Kansas City, Missouri",1909,13.90B,60.5,5.64B
ES,Eversource,Utilities,Electric Utilities,"Hartford, Connecticut",1966,24.47B,68.48,11.35B
EXC,Exelon,Utilities,Electric Utilities,"Chicago, Illinois",2000,38.93B,38.92,22.75B
EXPE,Expedia Group,Consumer Discretionary,"Hotels, Resorts & Cruise Lines","Seattle, Washington",1996,16.84B,129.34,13.26B
EXPD,Expeditors International,Industrials,Air Freight & Logistics,"Seattle, Washington",1979,17.29B,121.25,9.11B
EXR,Extra Space Storage,Real Estate,Self-Storage REITs,"Salt Lake City, Utah",1977,37.29B,175.97,3.22B
XOM,ExxonMobil,Energy,Integrated Oil & Gas,"Irving, Texas",1999,498.58B,112.22,345.14B
FFIV,"F5, Inc.",Information Technology,Communications Equipment,"Seattle, Washington",1996,11.68B,200.39,2.78B
FDS,FactSet,Financials,Financial Exchanges & Data,"Norwalk, Connecticut",1978,16.33B,429.33,2.18B
FICO,Fair Isaac,Information Technology,Application Software,"Bozeman, Montana",1956,43.36B,1768.66,1.65B
FAST,Fastenal,Industrials,Trading Companies & Distributors,"Winona, Minnesota",1967,39.01B,68.12,7.42B
FRT,Federal Realty,Real Estate,Retail REITs,"Rockville, Maryland",1962,9.77B,116.78,1.17B
FDX,FedEx,Industrials,Air Freight & Logistics,"Memphis, Tennessee",1971,68.70B,280.44,87.69B
FIS,Fidelity National Information Services,Financials,Transaction & Payment Processing Services,"Jacksonville, Florida",1968,44.36B,81.32,9.96B
FITB,Fifth Third Bank,Financials,Diversified Banks,"Cincinnati, Ohio",1858,27.31B,40.39,8.13B
FSLR,First Solar,Information Technology,Semiconductors,"Tempe, Arizona",1999,22.05B,206.01,3.76B
FE,FirstEnergy,Utilities,Electric Utilities,"Akron, Ohio",1997,25.59B,44.43,13.02B
FI,Fiserv,Financials,Transaction & Payment Processing Services,"Brookfield, Wisconsin",1984,98.61B,171.28,19.78B
FMC,FMC Corporation,Materials,Fertilizers & Agricultural Chemicals,"Philadelphia, Pennsylvania",1883,7.60B,60.88,4.08B
F,Ford Motor Company,Consumer Discretionary,Automobile Manufacturers,"Dearborn, Michigan",1903,40.94B,10.3,180.35B
FTNT,Fortinet,Information Technology,Systems Software,"Sunnyvale, California",2000,57.72B,75.46,5.54B
FTV,Fortive,Industrials,Industrial Machinery & Supplies & Components,"Everett, Washington",2016,25.23B,72.02,6.16B
FOXA,Fox Corporation (Class A),Communication Services,Broadcasting,"New York City, New York",2019,18.39B,39.95,13.98B
FOX,Fox Corporation (Class B),Communication Services,Broadcasting,"New York City, New York",2019,17.74B,36.98,13.98B
BEN,Franklin Templeton,Financials,Asset Management & Custody Banks,"San Mateo, California",1947,10.09B,19.3,8.25B
FCX,Freeport-McMoRan,Materials,Copper,"Phoenix, Arizona",1912,57.29B,39.88,24.67B
GRMN,Garmin,Consumer Discretionary,Consumer Electronics,"Schaffhausen, Switzerland",1989,34.81B,181.08,5.65B
IT,Gartner,Information Technology,IT Consulting & Other Services,"Stamford, Connecticut",1979,38.39B,498.19,6.06B
GE,GE Aerospace,Industrials,Aerospace & Defense,"Evendale, Ohio",1892,179.75B,165.78,69.41B
GEHC,GE HealthCare,Health Care,Health Care Equipment,"Chicago, Illinois",1994,38.99B,85.39,19.52B
GEV,GE Vernova,Industrials,Heavy Electrical Equipment,"Cambridge, Massachusetts",2024,55.51B,201.99,33.76B
GEN,Gen Digital,Information Technology,Systems Software,"Tempe, Arizona",1982,15.87B,25.79,3.83B
GNRC,Generac,Industrials,Electrical Components & Equipment,"Waukesha, Wisconsin",1959,8.57B,142.4,4.02B
GD,General Dynamics,Industrials,Aerospace & Defense,"Falls Church, Virginia",1899,82.89B,302.15,44.95B
GIS,General Mills,Consumer Staples,Packaged Foods & Meats,"Golden Valley, Minnesota",1856,42.09B,75.61,19.86B
GM,General Motors,Consumer Discretionary,Automobile Manufacturers,"Detroit, Michigan",1908,50.71B,45.12,178.09B
GPC,Genuine Parts Company,Consumer Discretionary,Distributors,"Atlanta, Georgia",1925,18.86B,135.36,23.16B
GILD,Gilead Sciences,Health Care,Biotechnology,"Foster City, California",1987,100.42B,80.66,27.81B
GPN,Global Payments,Financials,Transaction & Payment Processing Services,"Atlanta, Georgia",2000,27.45B,107.9,9.90B
GL,Globe Life,Financials,Life & Health Insurance,"McKinney, Texas",1900,9.21B,102.52,5.66B
GDDY,GoDaddy,Information Technology,Internet Services & Infrastructure,"Tempe, Arizona",1997,21.39B,151.71,4.40B
GS,Goldman Sachs,Financials,Investment Banking & Brokerage,"New York City, New York",1869,156.57B,469.99,48.90B
HAL,Halliburton,Energy,Oil & Gas Equipment & Services,"Houston, Texas",1919,24.78B,28.07,23.18B
HIG,Hartford (The),Financials,Property & Casualty Insurance,"Hartford, Connecticut",1810,33.96B,115.89,25.50B
HAS,Hasbro,Consumer Discretionary,Leisure Products,"Pawtucket, Rhode Island",1923,9.37B,67.19,4.54B
HCA,HCA Healthcare,Health Care,Health Care Facilities,"Nashville, Tennessee",1968,100.12B,387.96,68.35B
DOC,Healthpeak Properties,Real Estate,Health Care REITs,"Denver, Colorado",1985,15.45B,22.1,2.41B
HSIC,Henry Schein,Health Care,Health Care Distributors,"Melville, New York",1932,8.65B,68.26,12.49B
HSY,Hershey Company (The),Consumer Staples,Packaged Foods & Meats,"Hershey, Pennsylvania",1894,41.02B,202.77,11.01B
HES,Hess Corporation,Energy,Integrated Oil & Gas,"New York City, New York",1919,38.64B,125.83,12.08B
HPE,Hewlett Packard Enterprise,Information Technology,"Technology Hardware, Storage & Peripherals","Houston, Texas",2015,21.14B,16.28,29.02B
HLT,Hilton Worldwide,Consumer Discretionary,"Hotels, Resorts & Cruise Lines","Tysons Corner, Virginia",1919,51.84B,210.39,4.62B
HOLX,Hologic,Health Care,Health Care Equipment,"Marlborough, Massachusetts",1985,19.06B,82.05,3.99B
HD,Home Depot (The),Consumer Discretionary,Home Improvement Retail,"Atlanta, Georgia",1978,363.71B,366.17,152.09B
HON,Honeywell,Industrials,Industrial Conglomerates,"Charlotte, North Carolina",1906,129.46B,199.27,37.33B
HRL,Hormel Foods,Consumer Staples,Packaged Foods & Meats,"Austin, Minnesota",1891,17.64B,32.16,11.98B
HST,Host Hotels & Resorts,Real Estate,Hotel & Resort REITs,"Bethesda, Maryland",1993,11.58B,16.49,5.48B
HWM,Howmet Aerospace,Industrials,Aerospace & Defense,"Pittsburgh, Pennsylvania",1888,38.08B,93.29,7.09B
HPQ,HP Inc.,Information Technology,"Technology Hardware, Storage & Peripherals","Palo Alto, California",1939 (2015),32.54B,33.76,53.32B
HUBB,Hubbell Incorporated,Industrials,Industrial Machinery & Supplies & Components,"Shelton, Connecticut",1888,20.18B,376.0,5.57B
HUM,Humana,Health Care,Managed Health Care,"Louisville, Kentucky",1961,41.49B,344.57,112.04B
HBAN,Huntington Bancshares,Financials,Regional Banks,"Columbus, Ohio; Detroit, Michigan",1866,20.57B,14.17,6.71B
HII,Huntington Ingalls Industries,Industrials,Aerospace & Defense,"Newport News, Virginia",2011,10.41B,265.4,11.78B
IBM,IBM,Information Technology,IT Consulting & Other Services,"Armonk, New York",1911,188.69B,204.85,62.36B
IEX,IDEX Corporation,Industrials,Industrial Machinery & Supplies & Components,"Lake Forest, Illinois",1988,14.92B,197.06,3.19B
IDXX,Idexx Laboratories,Health Care,Health Care Equipment,"Westbrook, Maine",1983,40.29B,489.49,3.78B
ITW,Illinois Tool Works,Industrials,Industrial Machinery & Supplies & Components,"Glenview, Illinois",1912,73.16B,246.42,16.01B
INCY,Incyte,Health Care,Biotechnology,"Wilmington, Delaware",1991,11.95B,62.05,3.86B
IR,Ingersoll Rand,Industrials,Industrial Machinery & Supplies & Components,"Davidson, North Carolina",1859,35.22B,87.29,7.04B
PODD,Insulet Corporation,Health Care,Health Care Equipment,"Acton, Massachusetts",2000,15.63B,223.18,1.87B
INTC,Intel,Information Technology,Semiconductors,"Santa Clara, California",1968,80.32B,18.79,55.12B
ICE,Intercontinental Exchange,Financials,Financial Exchanges & Data,"Atlanta, Georgia",2000,92.72B,161.49,8.81B
IFF,International Flavors & Fragrances,Materials,Specialty Chemicals,"New York City, New York",1958 (1889),26.10B,102.09,11.31B
IP,International Paper,Materials,Paper & Plastic Packaging Products & Materials,"Memphis, Tennessee",1898,16.34B,47.03,18.57B
IPG,Interpublic Group of Companies (The),Communication Services,Advertising,"New York City, New York",1961 (1930),11.60B,30.89,9.41B
INTU,Intuit,Information Technology,Application Software,"Mountain View, California",1983,175.90B,627.58,16.29B
ISRG,Intuitive Surgical,Health Care,Health Care Equipment,"Sunnyvale, California",1995,171.85B,483.6,7.57B
IVZ,Invesco,Financials,Asset Management & Custody Banks,"Atlanta, Georgia",1935,7.04B,15.64,5.81B
INVH,Invitation Homes,Real Estate,Single-Family Residential REITs,"Dallas, Texas",2012,21.88B,35.71,2.52B
IQV,IQVIA,Health Care,Life Sciences Tools & Services,"Durham, North Carolina",1982,44.19B,242.4,15.16B
IRM,Iron Mountain,Real Estate,Other Specialized REITs,"Boston, Massachusetts",1951,32.81B,111.84,5.82B
JBHT,J.B. Hunt,Industrials,Cargo Ground Transportation,"Lowell, Arkansas",1961,17.38B,170.39,12.34B
JBL,Jabil,Information Technology,Electronic Manufacturing Services,"St. Petersburg, Florida",1966,11.49B,101.31,30.38B
JKHY,Jack Henry & Associates,Financials,Transaction & Payment Processing Services,"Monett, Missouri",1976,12.60B,172.77,2.22B
J,Jacobs Solutions,Industrials,Construction & Engineering,"Dallas, Texas",1947,17.79B,143.17,16.95B
JNJ,Johnson & Johnson,Health Care,Pharmaceuticals,"New Brunswick, New Jersey",1886,402.59B,167.24,86.58B
JCI,Johnson Controls,Industrials,Building Products,"Cork, Ireland",1885,46.59B,69.74,26.93B
JPM,JPMorgan Chase,Financials,Diversified Banks,"New York City, New York",2000 (1799 / 1871),585.28B,205.71,161.00B
JNPR,Juniper Networks,Information Technology,Communications Equipment,"Sunnyvale, California",1996,12.67B,38.51,5.10B
K,Kellanova,Consumer Staples,Packaged Foods & Meats,"Chicago, Illinois",1906,27.60B,80.25,12.82B
KVUE,Kenvue,Consumer Staples,Personal Care Products,"Skillman, New Jersey",2022 (Johnson & Johnson spinoff),44.40B,23.19,15.48B
KDP,Keurig Dr Pepper,Consumer Staples,Soft Drinks & Non-alcoholic Beverages,"Burlington, Massachusetts",1981,50.55B,37.28,15.06B
KEY,KeyCorp,Financials,Regional Banks,"Cleveland, Ohio",1825,14.59B,15.72,5.74B
KEYS,Keysight,Information Technology,Electronic Equipment & Instruments,"Santa Rosa, California",2014 (1939),25.36B,146.15,5.00B
KMB,Kimberly-Clark,Consumer Staples,Household Products,"Irving, Texas",1872,49.67B,147.46,20.28B
KIM,Kimco Realty,Real Estate,Retail REITs,"Jericho, New York",1958,15.73B,23.33,1.90B
KMI,Kinder Morgan,Energy,Oil & Gas Storage & Transportation,"Houston, Texas",1997,46.75B,21.07,15.36B
KKR,KKR,Financials,Asset Management & Custody Banks,"New York City, New York",1976,102.94B,116.0,26.61B
KLAC,KLA Corporation,Information Technology,Semiconductor Materials & Equipment,"Milpitas, California",1975/1977 (1997),94.81B,705.29,9.81B
KHC,Kraft Heinz,Consumer Staples,Packaged Foods & Meats,"Chicago, Illinois; Pittsburgh, Pennsylvania",2015 (1869),43.44B,35.93,26.32B
KR,Kroger,Consumer Staples,Food Retail,"Cincinnati, Ohio",1883,37.68B,52.21,150.14B
LHX,L3Harris,Industrials,Aerospace & Defense,"Melbourne, Florida","2019 (L3 1997, Harris 1895)",43.22B,227.81,20.77B
LH,LabCorp,Health Care,Health Care Services,"Burlington, North Carolina",1978,19.05B,226.92,12.49B
LRCX,Lam Research,Information Technology,Semiconductor Materials & Equipment,"Fremont, California",1980,94.53B,727.85,14.91B
LW,Lamb Weston,Consumer Staples,Packaged Foods & Meats,"Eagle, Idaho",2016 (1950),9.06B,63.03,6.47B
LVS,Las Vegas Sands,Consumer Discretionary,Casinos & Gaming,"Las Vegas, Nevada",1988,28.85B,39.18,11.43B
LDOS,Leidos,Industrials,Diversified Support Services,"Reston, Virginia",1969,20.67B,153.41,16.01B
LEN,Lennar,Consumer Discretionary,Homebuilding,"Miami, Florida",1954,49.01B,178.47,35.78B
LLY,Lilly (Eli),Health Care,Pharmaceuticals,"Indianapolis, Indiana",1876,814.65B,904.74,38.92B
LIN,Linde plc,Materials,Industrial Gases,"Guildford, United Kingdom",1879,220.74B,462.29,32.82B
LYV,Live Nation Entertainment,Communication Services,Movies & Entertainment,"Beverly Hills, California",2010,21.66B,94.06,23.81B
LKQ,LKQ Corporation,Consumer Discretionary,Distributors,"Chicago, Illinois",1998,10.27B,39.02,14.48B
LMT,Lockheed Martin,Industrials,Aerospace & Defense,"Bethesda, Maryland",1995,137.07B,575.07,71.07B
L,Loews Corporation,Financials,Multi-line Insurance,"New York City, New York",1959,17.52B,79.82,16.68B
LOW,Lowe's,Consumer Discretionary,Home Improvement Retail,"Mooresville, North Carolina",1904/1946/1959,138.79B,244.66,84.02B
LULU,Lululemon Athletica,Consumer Discretionary,"Apparel, Accessories & Luxury Goods","Vancouver, Canada",1998,30.23B,246.23,9.99B
LYB,LyondellBasell,Materials,Specialty Chemicals,"Rotterdam, Netherlands",2007,30.58B,94.06,41.04B
MTB,M&T Bank,Financials,Regional Banks,"Buffalo, New York",1856,27.58B,165.12,8.47B
MRO,Marathon Oil,Energy,Oil & Gas Exploration & Production,"Houston, Texas",1887,14.69B,26.26,6.59B
MPC,Marathon Petroleum,Energy,Oil & Gas Refining & Marketing,"Findlay, Ohio",2009 (1887),53.88B,161.0,148.77B
MKTX,MarketAxess,Financials,Financial Exchanges & Data,"New York City, New York",2000,9.64B,255.28,777.51M
MAR,Marriott International,Consumer Discretionary,"Hotels, Resorts & Cruise Lines","Bethesda, Maryland",1927,62.66B,222.59,6.47B
MMC,Marsh McLennan,Financials,Insurance Brokers,"New York City, New York",1905,113.66B,231.14,23.63B
MLM,Martin Marietta Materials,Materials,Construction Materials,"Raleigh, North Carolina",1993,30.72B,502.7,6.62B
MAS,Masco,Industrials,Building Products,"Livonia, Michigan",1929,16.85B,77.19,7.88B
MA,Mastercard,Financials,Transaction & Payment Processing Services,"Harrison, New York",1966,448.28B,485.24,26.39B
MTCH,Match Group,Communication Services,Interactive Media & Services,"Dallas, Texas",1986,9.32B,36.13,3.47B
MKC,McCormick & Company,Consumer Staples,Packaged Foods & Meats,"Hunt Valley, Maryland",1889,22.50B,83.76,6.68B
MCD,McDonald's,Consumer Discretionary,Restaurants,"Chicago, Illinois",1940,211.00B,294.15,25.76B
MCK,McKesson Corporation,Health Care,Health Care Distributors,"Irving, Texas",1833,66.47B,512.62,313.75B
MDT,Medtronic,Health Care,Health Care Equipment,"Dublin, Ireland",1949,116.10B,90.53,32.58B
MRK,Merck & Co.,Health Care,Pharmaceuticals,"Kenilworth, New Jersey",1891,290.36B,114.55,62.48B
META,Meta Platforms,Communication Services,Interactive Media & Services,"Menlo Park, California",2004,"1,273.37B",503.35,149.78B
MET,MetLife,Financials,Life & Health Insurance,"New York City, New York",1868,51.78B,73.94,68.77B
MTD,Mettler Toledo,Health Care,Life Sciences Tools & Services,"Columbus, Ohio",1945,29.25B,1378.28,3.75B
MGM,MGM Resorts,Consumer Discretionary,Casinos & Gaming,"Paradise, Nevada",1986,10.51B,34.6,17.01B
MCHP,Microchip Technology,Information Technology,Semiconductors,"Chandler, Arizona",1989,39.62B,73.86,6.59B
MU,Micron Technology,Information Technology,Semiconductors,"Boise, Idaho",1978,95.18B,85.84,21.37B
MSFT,Microsoft,Information Technology,Systems Software,"Redmond, Washington",1975,"3,081.66B",414.59,245.12B
MAA,Mid-America Apartment Communities,Real Estate,Multi-Family Residential REITs,"Memphis, Tennessee",1977,18.78B,160.7,2.17B
MRNA,Moderna,Health Care,Biotechnology,"Cambridge, Massachusetts",2010,29.82B,77.57,5.05B
MHK,Mohawk Industries,Consumer Discretionary,Home Furnishings,"Calhoun, Georgia",1878,9.33B,147.87,10.86B
MOH,Molina Healthcare,Health Care,Managed Health Care,"Long Beach, California",1980,19.49B,332.6,36.08B
TAP,Molson Coors Beverage Company,Consumer Staples,Brewers,"Chicago, Illinois","2005 (Molson 1786, Coors 1873)",11.35B,54.76,11.94B
MDLZ,Mondelez International,Consumer Staples,Packaged Foods & Meats,"Chicago, Illinois",2012,100.87B,75.51,35.98B
MPWR,Monolithic Power Systems,Information Technology,Semiconductors,"Kirkland, Washington",1997,40.61B,832.91,1.89B
MNST,Monster Beverage,Consumer Staples,Soft Drinks & Non-alcoholic Beverages,"Corona, California",2012 (1935),49.28B,50.31,7.39B
MCO,Moody's Corporation,Financials,Financial Exchanges & Data,"New York City, New York",1909,87.73B,481.79,6.56B
MS,Morgan Stanley,Financials,Investment Banking & Brokerage,"New York City, New York",1935,155.67B,96.22,56.12B
MOS,Mosaic Company (The),Materials,Fertilizers & Agricultural Chemicals,"Tampa, Florida",2004 (1865 / 1909),7.75B,24.32,12.19B
MSI,Motorola Solutions,Information Technology,Communications Equipment,"Chicago, Illinois",1928 (2011),73.67B,441.54,10.42B
MSCI,MSCI,Financials,Financial Exchanges & Data,"New York City, New York",1969,43.92B,558.45,2.70B
NDAQ,"Nasdaq, Inc.",Financials,Financial Exchanges & Data,"New York City, New York",1971,41.20B,71.53,6.57B
NTAP,NetApp,Information Technology,"Technology Hardware, Storage & Peripherals","San Jose, California",1992,23.33B,113.94,6.38B
NFLX,Netflix,Communication Services,Movies & Entertainment,"Los Gatos, California",1997,289.09B,673.6,36.30B
NEM,Newmont,Materials,Gold,"Denver, Colorado",1921,58.23B,50.81,14.88B
NWSA,News Corp (Class A),Communication Services,Publishing,"New York City, New York",2013 (News Corporation 1980),15.03B,26.4,10.09B
NWS,News Corp (Class B),Communication Services,Publishing,"New York City, New York",2013 (News Corporation 1980),15.35B,27.48,10.09B
NEE,NextEra Energy,Utilities,Multi-Utilities,"Juno Beach, Florida",1984 (1925),168.15B,81.81,25.85B
NKE,"Nike, Inc.",Consumer Discretionary,"Apparel, Accessories & Luxury Goods","Washington County, Oregon",1964,117.20B,78.17,51.36B
NI,NiSource,Utilities,Multi-Utilities,"Merrillville, Indiana",1912,15.07B,33.6,5.24B
NDSN,Nordson Corporation,Industrials,Industrial Machinery & Supplies & Components,"Westlake, Ohio",1935,14.09B,246.47,2.66B
NSC,Norfolk Southern Railway,Industrials,Rail Transportation,"Atlanta, Georgia",1881/1894 (1980),58.10B,256.96,12.09B
NTRS,Northern Trust,Financials,Asset Management & Custody Banks,"Chicago, Illinois",1889,17.35B,86.03,7.61B
NOC,Northrop Grumman,Industrials,Aerospace & Defense,"West Falls Church, Virginia","1994 (Northrop 1939, Grumman 1930)",76.56B,523.5,40.76B
NCLH,Norwegian Cruise Line Holdings,Consumer Discretionary,"Hotels, Resorts & Cruise Lines","Miami, Florida",2011 (1966),7.50B,17.06,9.09B
NRG,NRG Energy,Utilities,Independent Power Producers & Energy Traders,"Houston, Texas",1992,16.07B,77.88,28.84B
NUE,Nucor,Materials,Steel,"Charlotte, North Carolina",1940,32.83B,138.34,32.69B
NVDA,Nvidia,Information Technology,Semiconductors,"Santa Clara, California",1993,"2,637.22B",107.51,96.31B
NVR,"NVR, Inc.",Consumer Discretionary,Homebuilding,"Reston, Virginia",1980,28.16B,9151.35,10.12B
NXPI,NXP Semiconductors,Information Technology,Semiconductors,"Eindhoven, Netherlands",1953,57.84B,227.08,13.11B
ORLY,O'Reilly Auto Parts,Consumer Discretionary,Automotive Retail,"Springfield, Missouri",1957,65.18B,1123.71,16.28B
OXY,Occidental Petroleum,Energy,Oil & Gas Exploration & Production,"Houston, Texas",1920,47.87B,51.19,27.12B
ODFL,Old Dominion,Industrials,Cargo Ground Transportation,"Thomasville, North Carolina",1934,40.46B,188.82,5.97B
OMC,Omnicom Group,Communication Services,Advertising,"New York City, New York",1986,19.37B,98.98,15.12B
ON,ON Semiconductor,Information Technology,Semiconductors,"Phoenix, Arizona",1999,28.97B,67.63,7.80B
OKE,ONEOK,Energy,Oil & Gas Storage & Transportation,"Tulsa, Oklahoma",1906,53.80B,92.12,19.10B
ORCL,Oracle Corporation,Information Technology,Application Software,"Austin, Texas",1977,432.84B,157.06,53.82B
OTIS,Otis Worldwide,Industrials,Industrial Machinery & Supplies & Components,"Farmington, Connecticut","2020 (1853, United Technologies spinoff)",36.84B,91.96,14.18B
PCAR,Paccar,Industrials,Construction Machinery & Heavy Transportation Equipment,"Bellevue, Washington",1905,49.33B,94.11,35.29B
PKG,Packaging Corporation of America,Materials,Paper & Plastic Packaging Products & Materials,"Lake Forest, Illinois",1959,18.17B,203.81,7.93B
PANW,Palo Alto Networks,Information Technology,Systems Software,"Santa Clara, California",2005,111.92B,343.72,8.03B
PARA,Paramount Global,Communication Services,Movies & Entertainment,"New York City, New York",2019 (Paramount Pictures 1912),6.81B,10.22,29.27B
PH,Parker Hannifin,Industrials,Industrial Machinery & Supplies & Components,"Cleveland, Ohio",1917,74.39B,578.45,19.93B
PAYX,Paychex,Industrials,Human Resource & Employment Services,"Penfield, New York",1971,47.65B,132.46,5.28B
PAYC,Paycom,Industrials,Human Resource & Employment Services,"Oklahoma City, Oklahoma",1998,9.15B,163.63,1.78B
PYPL,PayPal,Financials,Transaction & Payment Processing Services,"San Jose, California",1998,69.01B,67.5,31.03B
PNR,Pentair,Industrials,Industrial Machinery & Supplies & Components,"Worsley, United Kingdom",1966,14.30B,86.39,4.11B
PEP,PepsiCo,Consumer Staples,Soft Drinks & Non-alcoholic Beverages,"Purchase, New York",1898,245.27B,178.56,92.05B
PFE,Pfizer,Health Care,Pharmaceuticals,"New York City, New York",1849,167.84B,29.62,55.17B
PCG,PG&E Corporation,Utilities,Multi-Utilities,"Oakland, California",1905,42.42B,19.85,24.78B
PM,Philip Morris International,Consumer Staples,Tobacco,"New York City, New York",2008 (1847),197.07B,126.75,36.45B
PSX,Phillips 66,Energy,Oil & Gas Refining & Marketing,"Houston, Texas",2012 (1917),52.50B,125.42,151.85B
PNW,Pinnacle West,Utilities,Multi-Utilities,"Phoenix, Arizona",1985,10.17B,90.11,4.89B
PNC,PNC Financial Services,Financials,Regional Banks,"Pittsburgh, Pennsylvania",1845,71.03B,178.71,20.40B
POOL,Pool Corporation,Consumer Discretionary,Distributors,"Covington, Louisiana",1993,13.22B,345.65,5.37B
PPG,PPG Industries,Materials,Specialty Chemicals,"Pittsburgh, Pennsylvania",1883,29.14B,124.91,18.10B
PPL,PPL Corporation,Utilities,Electric Utilities,"Allentown, Pennsylvania",1920,23.81B,32.27,8.26B
PFG,Principal Financial Group,Financials,Life & Health Insurance,"Des Moines, Iowa",1879,18.08B,78.09,15.65B
PG,Procter & Gamble,Consumer Staples,Personal Care Products,"Cincinnati, Ohio",1837,417.12B,177.52,84.04B
PGR,Progressive Corporation,Financials,Property & Casualty Insurance,"Mayfield Village, Ohio",1937,147.29B,251.49,67.80B
PLD,Prologis,Real Estate,Industrial REITs,"San Francisco, California",1983,121.35B,131.06,8.10B
PRU,Prudential Financial,Financials,Life & Health Insurance,"Newark, New Jersey",1875,40.54B,113.34,61.83B
PEG,Public Service Enterprise Group,Utilities,Electric Utilities,"Newark, New Jersey",1903,40.18B,80.66,10.24B
PTC,PTC,Information Technology,Application Software,"Boston, Massachusetts",1985,20.16B,167.78,2.22B
PSA,Public Storage,Real Estate,Self-Storage REITs,"Glendale, California",1972,61.91B,353.76,4.66B
PHM,PulteGroup,Consumer Discretionary,Homebuilding,"Atlanta, Georgia",1956,27.21B,131.12,16.85B
QRVO,Qorvo,Information Technology,Semiconductors,"Greensboro, North Carolina",2015,9.81B,103.46,4.01B
PWR,Quanta Services,Industrials,Construction & Engineering,"Houston, Texas",1997,36.67B,248.87,22.03B
QCOM,Qualcomm,Information Technology,Semiconductors,"San Diego, California",1985,177.71B,159.53,37.35B
DGX,Quest Diagnostics,Health Care,Health Care Services,"Secaucus, New Jersey",1967,17.23B,154.83,9.35B
RL,Ralph Lauren Corporation,Consumer Discretionary,"Apparel, Accessories & Luxury Goods","New York City, New York",1967,10.56B,170.51,6.65B
RJF,Raymond James,Financials,Investment Banking & Brokerage,"St. Petersburg, Florida",1962,23.81B,115.61,12.32B
RTX,RTX Corporation,Industrials,Aerospace & Defense,"Waltham, Massachusetts",1922,160.32B,120.72,72.42B
O,Realty Income,Real Estate,Retail REITs,"San Diego, California",1969,54.77B,62.89,4.72B
REG,Regency Centers,Real Estate,Retail REITs,"Jacksonville, Florida",1963,13.46B,74.38,1.46B
REGN,Regeneron,Health Care,Biotechnology,"Tarrytown, New York",1988,122.17B,1131.92,13.49B
RF,Regions Financial Corporation,Financials,Regional Banks,"Birmingham, Alabama",1971,20.07B,21.93,6.59B
RSG,Republic Services,Industrials,Environmental & Facilities Services,"Phoenix, Arizona",1998 (1981),64.85B,206.48,15.57B
RMD,ResMed,Health Care,Health Care Equipment,"San Diego, California",1989,36.57B,248.89,4.69B
RVTY,Revvity,Health Care,Health Care Equipment,"Waltham, Massachusetts",1937,14.58B,118.22,2.71B
ROK,Rockwell Automation,Industrials,Electrical Components & Equipment,"Milwaukee, Wisconsin",1903,29.33B,258.5,8.79B
ROL,"Rollins, Inc.",Industrials,Environmental & Facilities Services,"Atlanta, Georgia",1948,24.30B,50.17,3.23B
ROP,Roper Technologies,Information Technology,Electronic Equipment & Instruments,"Sarasota, Florida",1981,59.30B,553.17,6.57B
ROST,Ross Stores,Consumer Discretionary,Apparel Retail,"Dublin, California",1982,50.24B,150.61,21.09B
RCL,Royal Caribbean Group,Consumer Discretionary,"Hotels, Resorts & Cruise Lines","Miami, Florida",1997,41.90B,155.86,15.33B
SPGI,S&P Global,Financials,Financial Exchanges & Data,"New York City, New York",1917,161.53B,516.25,13.28B
CRM,Salesforce,Information Technology,Application Software,"San Francisco, California",1999,234.50B,245.29,36.47B
SBAC,SBA Communications,Real Estate,Telecom Tower REITs,"Boca Raton, Florida",1989,25.83B,240.38,2.68B
SLB,Schlumberger,Energy,Oil & Gas Equipment & Services,"Houston, Texas",1926,56.39B,39.72,35.15B
STX,Seagate Technology,Information Technology,"Technology Hardware, Storage & Peripherals","Dublin, Ireland",1979,21.42B,101.76,6.55B
SRE,Sempra,Utilities,Multi-Utilities,"San Diego, California",1998,52.62B,83.11,13.48B
NOW,ServiceNow,Information Technology,Systems Software,"Santa Clara, California",2003,176.40B,856.89,9.96B
SHW,Sherwin-Williams,Materials,Specialty Chemicals,"Cleveland, Ohio",1866,92.45B,366.51,23.01B
SPG,Simon Property Group,Real Estate,Retail REITs,"Indianapolis, Indiana",2003,52.63B,161.43,5.84B
SWKS,Skyworks Solutions,Information Technology,Semiconductors,"Irvine, California",2002,15.72B,98.44,4.37B
SJM,J.M. Smucker Company (The),Consumer Staples,Packaged Foods & Meats,"Orrville, Ohio",1897,12.76B,119.9,8.50B
SW,Smurfit WestRock,Materials,Paper & Plastic Packaging Products & Materials,"Dublin, Ireland",1934,22.84B,43.92,11.68B
SNA,Snap-on,Industrials,Industrial Machinery & Supplies & Components,"Kenosha, Wisconsin",1920,14.47B,274.69,5.11B
SOLV,Solventum,Health Care,Health Care Technology,"Saint Paul, Minnesota",2023,11.66B,67.52,8.21B
SO,Southern Company,Utilities,Electric Utilities,"Atlanta, Georgia",1945,98.61B,90.09,26.13B
LUV,Southwest Airlines,Industrials,Passenger Airlines,"Dallas, Texas",1967,16.98B,28.33,27.03B
SWK,Stanley Black & Decker,Industrials,Industrial Machinery & Supplies & Components,"New Britain, Connecticut",1843,14.69B,95.44,15.58B
SBUX,Starbucks,Consumer Discretionary,Restaurants,"Seattle, Washington",1971,103.87B,91.66,36.48B
STT,State Street Corporation,Financials,Asset Management & Custody Banks,"Boston, Massachusetts",1792,24.56B,82.24,12.01B
STLD,Steel Dynamics,Materials,Steel,"Fort Wayne, Indiana",1993,16.71B,108.32,18.15B
STE,Steris,Health Care,Health Care Equipment,"Dublin, Ireland",1985,24.23B,245.74,5.23B
SYK,Stryker Corporation,Health Care,Health Care Equipment,"Kalamazoo, Michigan",1941,139.09B,365.0,21.39B
SMCI,Supermicro,Information Technology,"Technology Hardware, Storage & Peripherals","San Jose, California",1993,23.93B,408.7,14.94B
SYF,Synchrony Financial,Financials,Consumer Finance,"Stamford, Connecticut",2003,17.63B,44.6,8.78B
SNPS,Synopsys,Information Technology,Application Software,"Sunnyvale, California",1986,71.71B,466.82,6.48B
SYY,Sysco,Consumer Staples,Food Distributors,"Houston, Texas",1969,38.36B,78.04,78.84B
TMUS,T-Mobile US,Communication Services,Wireless Telecommunication Services,"Bellevue, Washington",1994,228.37B,195.73,79.10B
TROW,T. Rowe Price,Financials,Asset Management & Custody Banks,"Baltimore, Maryland",1937,22.85B,102.65,6.80B
TTWO,Take-Two Interactive,Communication Services,Interactive Home Entertainment,"New York City, New York",1993,27.22B,155.27,5.40B
TPR,"Tapestry, Inc.",Consumer Discretionary,"Apparel, Accessories & Luxury Goods","New York City, New York",2017,9.31B,40.44,6.67B
TRGP,Targa Resources,Energy,Oil & Gas Storage & Transportation,"Houston, Texas",2005,31.53B,143.92,16.26B
TGT,Target Corporation,Consumer Staples,Consumer Staples Merchandise Retail,"Minneapolis, Minnesota",1902,68.90B,149.56,107.30B
TEL,TE Connectivity,Information Technology,Electronic Manufacturing Services,"Schaffhausen, Switzerland",2007,43.87B,144.35,15.81B
TDY,Teledyne Technologies,Information Technology,Electronic Equipment & Instruments,"Thousand Oaks, California",1960,19.87B,424.7,5.55B
TFX,Teleflex,Health Care,Health Care Equipment,"Wayne, Pennsylvania",1943,11.57B,245.48,3.01B
TER,Teradyne,Information Technology,Semiconductor Materials & Equipment,"North Reading, Massachusetts",1960,20.18B,123.65,2.70B
TSLA,"Tesla, Inc.",Consumer Discretionary,Automobile Manufacturers,"Austin, Texas",2003,711.48B,222.71,95.32B
TXN,Texas Instruments,Information Technology,Semiconductors,"Dallas, Texas",1930,181.54B,198.83,16.09B
TXT,Textron,Industrials,Aerospace & Defense,"Providence, Rhode Island",1923,16.10B,85.91,13.90B
TMO,Thermo Fisher Scientific,Health Care,Life Sciences Tools & Services,"Waltham, Massachusetts",2006 (1902),239.01B,625.69,42.35B
TJX,TJX Companies,Consumer Discretionary,Apparel Retail,"Framingham, Massachusetts",1987,132.60B,117.57,55.62B
TSCO,Tractor Supply,Consumer Discretionary,Other Specialty Retail,"Brentwood, Tennessee",1938,29.19B,270.6,14.71B
TT,Trane Technologies,Industrials,Building Products,"Dublin, Ireland",1871,78.08B,346.0,18.83B
TDG,TransDigm Group,Industrials,Aerospace & Defense,"Cleveland, Ohio",1993,73.00B,1301.04,7.61B
TRV,Travelers Companies (The),Financials,Property & Casualty Insurance,"New York City, New York",1853,54.47B,238.98,44.07B
TRMB,Trimble Inc.,Information Technology,Electronic Equipment & Instruments,"Westminster, Colorado",1978,13.31B,54.49,3.71B
TFC,Truist,Financials,Regional Banks,"Charlotte, North Carolina",1872,55.87B,41.72,14.23B
TYL,Tyler Technologies,Information Technology,Application Software,"Plano, Texas",1966,25.21B,590.8,2.03B
TSN,Tyson Foods,Consumer Staples,Packaged Foods & Meats,"Springdale, Arkansas",1935,23.15B,65.07,53.09B
USB,U.S. Bank,Financials,Diversified Banks,"Minneapolis, Minnesota",1968,68.99B,44.21,25.11B
UBER,Uber,Industrials,Passenger Ground Transportation,"San Francisco, California",2009,142.93B,68.03,40.06B
UDR,"UDR, Inc.",Real Estate,Multi-Family Residential REITs,"Highlands Ranch, Colorado",1972,14.81B,44.9,1.68B
ULTA,Ulta Beauty,Consumer Discretionary,Other Specialty Retail,"Bolingbrook, Illinois",1990,17.09B,362.75,11.32B
UNP,Union Pacific Corporation,Industrials,Rail Transportation,"Omaha, Nebraska",1862,152.36B,250.11,24.14B
UAL,United Airlines Holdings,Industrials,Passenger Airlines,"Chicago, Illinois",1967,15.49B,47.1,55.64B
UPS,United Parcel Service,Industrials,Air Freight & Logistics,"Sandy Springs, Georgia",1907,110.18B,128.63,89.50B
URI,United Rentals,Industrials,Trading Companies & Distributors,"Stamford, Connecticut",1997,45.98B,695.23,14.75B
UNH,UnitedHealth Group,Health Care,Managed Health Care,"Minnetonka, Minnesota",1977,554.02B,599.97,385.44B
UHS,Universal Health Services,Health Care,Health Care Facilities,"King of Prussia, Pennsylvania",1979,15.23B,228.25,15.02B
VLO,Valero Energy,Energy,Oil & Gas Refining & Marketing,"San Antonio, Texas",1980,42.55B,132.81,134.33B
VTR,Ventas,Real Estate,Health Care REITs,"Chicago, Illinois",1998,26.46B,64.04,4.71B
VLTO,Veralto,Industrials,Environmental & Facilities Services,"Waltham, Massachusetts",2023,27.18B,110.01,5.08B
VRSN,Verisign,Information Technology,Internet Services & Infrastructure,"Dulles, Virginia",1995,17.73B,181.63,1.53B
VRSK,Verisk,Industrials,Research & Consulting Services,"Jersey City, New Jersey",1971,38.88B,273.0,2.78B
VZ,Verizon,Communication Services,Integrated Telecommunication Services,"New York City, New York",1983 (1877),180.10B,42.79,134.24B
VRTX,Vertex Pharmaceuticals,Health Care,Biotechnology,"Boston, Massachusetts",1989,120.74B,467.78,10.34B
VTRS,Viatris,Health Care,Pharmaceuticals,"Pittsburgh, Pennsylvania",1961,13.16B,11.03,15.24B
VICI,Vici Properties,Real Estate,Hotel & Resort REITs,"New York City, New York",2017,35.61B,34.01,3.74B
V,Visa Inc.,Financials,Transaction & Payment Processing Services,"San Francisco, California",1958,541.13B,284.45,34.92B
VST,Vistra,Utilities,Electric Utilities,"Irving, Texas",2016,25.89B,75.36,14.06B
VMC,Vulcan Materials Company,Materials,Construction Materials,"Birmingham, Alabama",1909,30.64B,231.99,7.58B
WRB,W. R. Berkley Corporation,Financials,Property & Casualty Insurance,"Greenwich, Connecticut",1967,22.42B,58.93,12.82B
GWW,W. W. Grainger,Industrials,Industrial Machinery & Supplies & Components,"Lake Forest, Illinois",1927,47.55B,973.85,16.75B
WAB,Wabtec,Industrials,Construction Machinery & Heavy Transportation Equipment,"Pittsburgh, Pennsylvania",1999 (1869),28.48B,162.58,10.22B
WBA,Walgreens Boots Alliance,Consumer Staples,Drug Retail,"Deerfield, Illinois",2014,7.64B,8.85,145.53B
WMT,Walmart,Consumer Staples,Consumer Staples Merchandise Retail,"Bentonville, Arkansas",1962,628.39B,78.18,665.04B
DIS,Walt Disney Company (The),Communication Services,Movies & Entertainment,"Burbank, California",1923,160.38B,88.31,90.03B
WBD,Warner Bros. Discovery,Communication Services,Broadcasting,"New York City, New York",2022 (Warner Bros. 1923),17.29B,7.05,39.93B
WM,Waste Management,Industrials,Environmental & Facilities Services,"Houston, Texas",1968,83.99B,209.29,20.98B
WAT,Waters Corporation,Health Care,Life Sciences Tools & Services,"Milford, Massachusetts",1958,19.60B,330.1,2.88B
WEC,WEC Energy Group,Utilities,Electric Utilities,"Milwaukee, Wisconsin",1896,30.34B,95.98,8.63B
WFC,Wells Fargo,Financials,Diversified Banks,"San Francisco, California",1852,186.39B,54.76,78.23B
WELL,Welltower,Real Estate,Health Care REITs,"Toledo, Ohio",1970,77.38B,127.04,7.16B
WST,West Pharmaceutical Services,Health Care,Health Care Supplies,"Exton, Pennsylvania",1923,21.92B,302.23,2.88B
WDC,Western Digital,Information Technology,"Technology Hardware, Storage & Peripherals","San Jose, California",1970,21.51B,62.64,13.00B
WY,Weyerhaeuser,Real Estate,Timber REITs,"Seattle, Washington",1900,21.98B,30.22,7.53B
WMB,Williams Companies,Energy,Oil & Gas Storage & Transportation,"Tulsa, Oklahoma",1908,54.31B,44.56,10.25B
WTW,Willis Towers Watson,Financials,Insurance Brokers,"London, United Kingdom",2016,29.69B,292.37,9.69B
WYNN,Wynn Resorts,Consumer Discretionary,Casinos & Gaming,"Paradise, Nevada",2002,8.24B,74.87,7.11B
XEL,Xcel Energy,Utilities,Multi-Utilities,"Minneapolis, Minnesota",1909,35.50B,63.68,13.78B
XYL,Xylem Inc.,Industrials,Industrial Machinery & Supplies & Components,"White Plains, New York",2011,31.37B,129.16,8.40B
YUM,Yum! Brands,Consumer Discretionary,Restaurants,"Louisville, Kentucky",1997,37.57B,133.64,7.11B
ZBRA,Zebra Technologies,Information Technology,Electronic Equipment & Instruments,"Lincolnshire, Illinois",1969,16.93B,328.14,4.36B
ZBH,Zimmer Biomet,Health Care,Health Care Equipment,"Warsaw, Indiana",1927,21.27B,104.44,7.52B
ZTS,Zoetis,Health Care,Pharmaceuticals,"Parsippany, New Jersey",1952,85.82B,189.44,8.92B
